EmployeeID,Name,MobileNumber,EMail,TokenID
S0001,Peter Lim,99490364,S0001@msba.com.sg,1245
S0002,Ali,89839169,S0002@msba.com.sg,5451
S0003,Staff with ID S0003,91554811,S0003@msba.com.sg,5366
S0004,Staff with ID S0004,99822460,S0004@msba.com.sg,3282
S0005,Staff with ID S0005,87222639,S0005@msba.com.sg,1017
S0006,Staff with ID S0006,91402178,S0006@msba.com.sg,4791
S0007,Staff with ID S0007,99226504,S0007@msba.com.sg,2078
S0008,Staff with ID S0008,94645354,S0008@msba.com.sg,2787
S0009,Staff with ID S0009,89670046,S0009@msba.com.sg,3957
S0010,Staff with ID S0010,83212699,S0010@msba.com.sg,3453
S0011,Staff with ID S0011,84087047,S0011@msba.com.sg,1872
S0012,Staff with ID S0012,85080238,S0012@msba.com.sg,2392
S0013,Staff with ID S0013,88060544,S0013@msba.com.sg,4336
S0014,Staff with ID S0014,87040625,S0014@msba.com.sg,1831
S0015,Staff with ID S0015,86762904,S0015@msba.com.sg,3151
S0016,Staff with ID S0016,98584806,S0016@msba.com.sg,2844
S0017,Staff with ID S0017,92370023,S0017@msba.com.sg,5382
S0018,Staff with ID S0018,82330869,S0018@msba.com.sg,4500
S0019,Staff with ID S0019,96711532,S0019@msba.com.sg,3591
S0020,Staff with ID S0020,95918107,S0020@msba.com.sg,2668
S0021,Staff with ID S0021,91148395,S0021@msba.com.sg,5055
S0022,Staff with ID S0022,92292709,S0022@msba.com.sg,1858
S0023,Staff with ID S0023,91226131,S0023@msba.com.sg,2085
S0024,Staff with ID S0024,89803358,S0024@msba.com.sg,2935
S0025,Staff with ID S0025,84174714,S0025@msba.com.sg,1703
S0026,Staff with ID S0026,87108502,S0026@msba.com.sg,3047
S0027,Staff with ID S0027,97741994,S0027@msba.com.sg,1125
S0028,Staff with ID S0028,94734714,S0028@msba.com.sg,1820
S0029,Staff with ID S0029,93291326,S0029@msba.com.sg,2390
S0030,Staff with ID S0030,92460102,S0030@msba.com.sg,3663
S0031,Staff with ID S0031,87726400,S0031@msba.com.sg,5068
S0032,Staff with ID S0032,94444056,S0032@msba.com.sg,5143
S0033,Staff with ID S0033,99139555,S0033@msba.com.sg,3046
S0034,Staff with ID S0034,92878584,S0034@msba.com.sg,5078
S0035,Staff with ID S0035,81717692,S0035@msba.com.sg,4003
S0036,Staff with ID S0036,97082604,S0036@msba.com.sg,2469
S0037,Staff with ID S0037,92078749,S0037@msba.com.sg,3579
S0038,Staff with ID S0038,94829740,S0038@msba.com.sg,3183
S0039,Staff with ID S0039,89666047,S0039@msba.com.sg,3666
S0040,Staff with ID S0040,85494680,S0040@msba.com.sg,4660
S0041,Staff with ID S0041,92893359,S0041@msba.com.sg,2794
S0042,Staff with ID S0042,98831309,S0042@msba.com.sg,2082
S0043,Staff with ID S0043,92210955,S0043@msba.com.sg,5148
S0044,Staff with ID S0044,99880516,S0044@msba.com.sg,1598
S0045,Staff with ID S0045,97535247,S0045@msba.com.sg,2976
S0046,Staff with ID S0046,87128762,S0046@msba.com.sg,2845
S0047,Staff with ID S0047,87551767,S0047@msba.com.sg,2575
S0048,Staff with ID S0048,92640110,S0048@msba.com.sg,5331
S0049,Staff with ID S0049,94913281,S0049@msba.com.sg,2381
S0050,Staff with ID S0050,95636871,S0050@msba.com.sg,4978
S0051,Staff with ID S0051,99960268,S0051@msba.com.sg,4604
S0052,Staff with ID S0052,94002791,S0052@msba.com.sg,4211
S0053,Staff with ID S0053,95297136,S0053@msba.com.sg,1357
S0054,Staff with ID S0054,85065081,S0054@msba.com.sg,3832
S0055,Staff with ID S0055,86228353,S0055@msba.com.sg,4434
S0056,Staff with ID S0056,94137372,S0056@msba.com.sg,4881
S0057,Staff with ID S0057,84219947,S0057@msba.com.sg,1055
S0058,Staff with ID S0058,88889414,S0058@msba.com.sg,1194
S0059,Staff with ID S0059,99551572,S0059@msba.com.sg,3467
S0060,Staff with ID S0060,86918591,S0060@msba.com.sg,4069
S0061,Staff with ID S0061,86572739,S0061@msba.com.sg,2145
S0062,Staff with ID S0062,87859232,S0062@msba.com.sg,3986
S0063,Staff with ID S0063,89259329,S0063@msba.com.sg,2942
S0064,Staff with ID S0064,94505154,S0064@msba.com.sg,4173
S0065,Staff with ID S0065,99303281,S0065@msba.com.sg,5259
S0066,Staff with ID S0066,85872431,S0066@msba.com.sg,1948
S0067,Staff with ID S0067,81385573,S0067@msba.com.sg,1516
S0068,Staff with ID S0068,84679656,S0068@msba.com.sg,4329
S0069,Staff with ID S0069,87092155,S0069@msba.com.sg,4689
S0070,Staff with ID S0070,94755909,S0070@msba.com.sg,5473
S0071,Staff with ID S0071,91318710,S0071@msba.com.sg,4489
S0072,Staff with ID S0072,83866535,S0072@msba.com.sg,4240
S0073,Staff with ID S0073,98694370,S0073@msba.com.sg,4780
S0074,Staff with ID S0074,97759521,S0074@msba.com.sg,5332
S0075,Staff with ID S0075,91122856,S0075@msba.com.sg,4632
S0076,Staff with ID S0076,89071394,S0076@msba.com.sg,3314
S0077,Staff with ID S0077,98957411,S0077@msba.com.sg,4050
S0078,Staff with ID S0078,98745219,S0078@msba.com.sg,1837
S0079,Staff with ID S0079,99074155,S0079@msba.com.sg,3883
S0080,Staff with ID S0080,86240140,S0080@msba.com.sg,3313
S0081,Staff with ID S0081,83994529,S0081@msba.com.sg,3901
S0082,Staff with ID S0082,83295893,S0082@msba.com.sg,1667
S0083,Staff with ID S0083,96702266,S0083@msba.com.sg,3261
S0084,Staff with ID S0084,92574282,S0084@msba.com.sg,5437
S0085,Staff with ID S0085,88199529,S0085@msba.com.sg,2142
S0086,Staff with ID S0086,81395864,S0086@msba.com.sg,1679
S0087,Staff with ID S0087,98127107,S0087@msba.com.sg,4394
S0088,Staff with ID S0088,89941334,S0088@msba.com.sg,4948
S0089,Staff with ID S0089,85900635,S0089@msba.com.sg,2766
S0090,Staff with ID S0090,89899873,S0090@msba.com.sg,4170
S0091,Staff with ID S0091,81386673,S0091@msba.com.sg,2993
S0092,Staff with ID S0092,88319995,S0092@msba.com.sg,2488
S0093,Staff with ID S0093,83470344,S0093@msba.com.sg,1738
S0094,Staff with ID S0094,87884147,S0094@msba.com.sg,3006
S0095,Staff with ID S0095,85166264,S0095@msba.com.sg,5245
S0096,Staff with ID S0096,94928563,S0096@msba.com.sg,1465
S0097,Staff with ID S0097,81456243,S0097@msba.com.sg,3941
S0098,Staff with ID S0098,87009525,S0098@msba.com.sg,2179
S0099,Staff with ID S0099,97577325,S0099@msba.com.sg,4057
S0100,Staff with ID S0100,98823407,S0100@msba.com.sg,4267
S0101,Staff with ID S0101,86486750,S0101@msba.com.sg,1591
S0102,Staff with ID S0102,94427474,S0102@msba.com.sg,2507
S0103,Staff with ID S0103,99568083,S0103@msba.com.sg,4131
S0104,Staff with ID S0104,81327083,S0104@msba.com.sg,2194
S0105,Staff with ID S0105,93859921,S0105@msba.com.sg,4690
S0106,Staff with ID S0106,87206371,S0106@msba.com.sg,5469
S0107,Staff with ID S0107,92349471,S0107@msba.com.sg,5409
S0108,Staff with ID S0108,97898376,S0108@msba.com.sg,2841
S0109,Staff with ID S0109,84331707,S0109@msba.com.sg,5018
S0110,Staff with ID S0110,96234070,S0110@msba.com.sg,5247
S0111,Staff with ID S0111,93552506,S0111@msba.com.sg,5104
S0112,Staff with ID S0112,99170666,S0112@msba.com.sg,3084
S0113,Staff with ID S0113,86841569,S0113@msba.com.sg,1223
S0114,Staff with ID S0114,92818426,S0114@msba.com.sg,2649
S0115,Staff with ID S0115,98331888,S0115@msba.com.sg,1605
S0116,Staff with ID S0116,83810211,S0116@msba.com.sg,2854
S0117,Staff with ID S0117,88891934,S0117@msba.com.sg,4578
S0118,Staff with ID S0118,85027554,S0118@msba.com.sg,1313
S0119,Staff with ID S0119,95528920,S0119@msba.com.sg,1879
S0120,Staff with ID S0120,89572156,S0120@msba.com.sg,1989
S0121,Staff with ID S0121,96537846,S0121@msba.com.sg,1539
S0122,Staff with ID S0122,82631940,S0122@msba.com.sg,4327
S0123,Staff with ID S0123,97881799,S0123@msba.com.sg,2077
S0124,Staff with ID S0124,97155691,S0124@msba.com.sg,4425
S0125,Staff with ID S0125,81331417,S0125@msba.com.sg,1633
S0126,Staff with ID S0126,94423816,S0126@msba.com.sg,3452
S0127,Staff with ID S0127,97101110,S0127@msba.com.sg,2669
S0128,Staff with ID S0128,84188211,S0128@msba.com.sg,1745
S0129,Staff with ID S0129,83567606,S0129@msba.com.sg,3401
S0130,Staff with ID S0130,99880093,S0130@msba.com.sg,3653
S0131,Staff with ID S0131,88081712,S0131@msba.com.sg,4542
S0132,Staff with ID S0132,99106076,S0132@msba.com.sg,2746
S0133,Staff with ID S0133,82397662,S0133@msba.com.sg,2897
S0134,Staff with ID S0134,97011625,S0134@msba.com.sg,2196
S0135,Staff with ID S0135,97584947,S0135@msba.com.sg,1242
S0136,Staff with ID S0136,92361349,S0136@msba.com.sg,2899
S0137,Staff with ID S0137,88320538,S0137@msba.com.sg,3805
S0138,Staff with ID S0138,91934418,S0138@msba.com.sg,1986
S0139,Staff with ID S0139,98901020,S0139@msba.com.sg,1927
S0140,Staff with ID S0140,97824791,S0140@msba.com.sg,1135
S0141,Staff with ID S0141,92353506,S0141@msba.com.sg,4997
S0142,Staff with ID S0142,92904741,S0142@msba.com.sg,4923
S0143,Staff with ID S0143,85761708,S0143@msba.com.sg,1964
S0144,Staff with ID S0144,87092140,S0144@msba.com.sg,1270
S0145,Staff with ID S0145,94366602,S0145@msba.com.sg,4169
S0146,Staff with ID S0146,83620346,S0146@msba.com.sg,5323
S0147,Staff with ID S0147,82131258,S0147@msba.com.sg,3441
S0148,Staff with ID S0148,94702682,S0148@msba.com.sg,1045
S0149,Staff with ID S0149,83177225,S0149@msba.com.sg,2986
S0150,Staff with ID S0150,88916878,S0150@msba.com.sg,5318
S0151,Staff with ID S0151,82187788,S0151@msba.com.sg,4213
S0152,Staff with ID S0152,83706457,S0152@msba.com.sg,1682
S0153,Staff with ID S0153,89546302,S0153@msba.com.sg,3584
S0154,Staff with ID S0154,95923637,S0154@msba.com.sg,1875
S0155,Staff with ID S0155,87235828,S0155@msba.com.sg,4254
S0156,Staff with ID S0156,99571254,S0156@msba.com.sg,2653
S0157,Staff with ID S0157,94274067,S0157@msba.com.sg,2723
S0158,Staff with ID S0158,92039125,S0158@msba.com.sg,1319
S0159,Staff with ID S0159,87078053,S0159@msba.com.sg,5358
S0160,Staff with ID S0160,96218066,S0160@msba.com.sg,2334
S0161,Staff with ID S0161,84547760,S0161@msba.com.sg,1719
S0162,Staff with ID S0162,83713736,S0162@msba.com.sg,1144
S0163,Staff with ID S0163,95952428,S0163@msba.com.sg,2499
S0164,Staff with ID S0164,98031223,S0164@msba.com.sg,1947
S0165,Staff with ID S0165,91995295,S0165@msba.com.sg,2537
S0166,Staff with ID S0166,96660379,S0166@msba.com.sg,4410
S0167,Staff with ID S0167,85683998,S0167@msba.com.sg,3715
S0168,Staff with ID S0168,91557104,S0168@msba.com.sg,2692
S0169,Staff with ID S0169,89655044,S0169@msba.com.sg,2305
S0170,Staff with ID S0170,85393075,S0170@msba.com.sg,2750
S0171,Staff with ID S0171,93525634,S0171@msba.com.sg,2116
S0172,Staff with ID S0172,96424478,S0172@msba.com.sg,5446
S0173,Staff with ID S0173,83646217,S0173@msba.com.sg,4726
S0174,Staff with ID S0174,88825635,S0174@msba.com.sg,1825
S0175,Staff with ID S0175,95177588,S0175@msba.com.sg,4002
S0176,Staff with ID S0176,92250022,S0176@msba.com.sg,4695
S0177,Staff with ID S0177,84315577,S0177@msba.com.sg,1613
S0178,Staff with ID S0178,99772005,S0178@msba.com.sg,4798
S0179,Staff with ID S0179,88950991,S0179@msba.com.sg,1490
S0180,Staff with ID S0180,94869806,S0180@msba.com.sg,3082
S0181,Staff with ID S0181,88866390,S0181@msba.com.sg,2571
S0182,Staff with ID S0182,93560451,S0182@msba.com.sg,5425
S0183,Staff with ID S0183,83038928,S0183@msba.com.sg,1350
S0184,Staff with ID S0184,86255246,S0184@msba.com.sg,3098
S0185,Staff with ID S0185,83658307,S0185@msba.com.sg,2262
S0186,Staff with ID S0186,95229588,S0186@msba.com.sg,3122
S0187,Staff with ID S0187,98968572,S0187@msba.com.sg,5489
S0188,Staff with ID S0188,92683053,S0188@msba.com.sg,1308
S0189,Staff with ID S0189,86185092,S0189@msba.com.sg,4820
S0190,Staff with ID S0190,97016061,S0190@msba.com.sg,1478
S0191,Staff with ID S0191,93371175,S0191@msba.com.sg,1841
S0192,Staff with ID S0192,85051794,S0192@msba.com.sg,5167
S0193,Staff with ID S0193,97496864,S0193@msba.com.sg,1417
S0194,Staff with ID S0194,98074523,S0194@msba.com.sg,2131
S0195,Staff with ID S0195,87925856,S0195@msba.com.sg,5061
S0196,Staff with ID S0196,94642572,S0196@msba.com.sg,4643
S0197,Staff with ID S0197,82490115,S0197@msba.com.sg,3839
S0198,Staff with ID S0198,92662015,S0198@msba.com.sg,3651
S0199,Staff with ID S0199,81999533,S0199@msba.com.sg,1379
S0200,Staff with ID S0200,86486856,S0200@msba.com.sg,4930
S0201,Staff with ID S0201,83292384,S0201@msba.com.sg,1436
S0202,Staff with ID S0202,95407195,S0202@msba.com.sg,3954
S0203,Staff with ID S0203,85750421,S0203@msba.com.sg,4944
S0204,Staff with ID S0204,88632978,S0204@msba.com.sg,1787
S0205,Staff with ID S0205,98158806,S0205@msba.com.sg,1438
S0206,Staff with ID S0206,98670900,S0206@msba.com.sg,1611
S0207,Staff with ID S0207,84711289,S0207@msba.com.sg,3276
S0208,Staff with ID S0208,84282791,S0208@msba.com.sg,2147
S0209,Staff with ID S0209,87552100,S0209@msba.com.sg,3362
S0210,Staff with ID S0210,97391351,S0210@msba.com.sg,5272
S0211,Staff with ID S0211,83071364,S0211@msba.com.sg,3340
S0212,Staff with ID S0212,86757968,S0212@msba.com.sg,3749
S0213,Staff with ID S0213,89273869,S0213@msba.com.sg,3433
S0214,Staff with ID S0214,93706384,S0214@msba.com.sg,3459
S0215,Staff with ID S0215,89949029,S0215@msba.com.sg,3085
S0216,Staff with ID S0216,82391074,S0216@msba.com.sg,3010
S0217,Staff with ID S0217,91649457,S0217@msba.com.sg,4728
S0218,Staff with ID S0218,98456552,S0218@msba.com.sg,3902
S0219,Staff with ID S0219,93380664,S0219@msba.com.sg,2029
S0220,Staff with ID S0220,97181968,S0220@msba.com.sg,3443
S0221,Staff with ID S0221,91501395,S0221@msba.com.sg,3804
S0222,Staff with ID S0222,88327870,S0222@msba.com.sg,3525
S0223,Staff with ID S0223,95173773,S0223@msba.com.sg,2856
S0224,Staff with ID S0224,83678625,S0224@msba.com.sg,1187
S0225,Staff with ID S0225,96947076,S0225@msba.com.sg,3780
S0226,Staff with ID S0226,88766603,S0226@msba.com.sg,1599
S0227,Staff with ID S0227,93746833,S0227@msba.com.sg,1145
S0228,Staff with ID S0228,86503001,S0228@msba.com.sg,3032
S0229,Staff with ID S0229,95368762,S0229@msba.com.sg,3343
S0230,Staff with ID S0230,93071536,S0230@msba.com.sg,4856
S0231,Staff with ID S0231,89152784,S0231@msba.com.sg,5328
S0232,Staff with ID S0232,97984016,S0232@msba.com.sg,4393
S0233,Staff with ID S0233,84741375,S0233@msba.com.sg,4574
S0234,Staff with ID S0234,97130889,S0234@msba.com.sg,1620
S0235,Staff with ID S0235,97892619,S0235@msba.com.sg,4107
S0236,Staff with ID S0236,91273644,S0236@msba.com.sg,3842
S0237,Staff with ID S0237,95273221,S0237@msba.com.sg,5403
S0238,Staff with ID S0238,89594596,S0238@msba.com.sg,4008
S0239,Staff with ID S0239,88556388,S0239@msba.com.sg,1641
S0240,Staff with ID S0240,99272545,S0240@msba.com.sg,1305
S0241,Staff with ID S0241,85826448,S0241@msba.com.sg,3054
S0242,Staff with ID S0242,92094836,S0242@msba.com.sg,1833
S0243,Staff with ID S0243,91237796,S0243@msba.com.sg,2236
S0244,Staff with ID S0244,85425415,S0244@msba.com.sg,2772
S0245,Staff with ID S0245,81661817,S0245@msba.com.sg,1957
S0246,Staff with ID S0246,96662450,S0246@msba.com.sg,2554
S0247,Staff with ID S0247,94094423,S0247@msba.com.sg,4145
S0248,Staff with ID S0248,98814348,S0248@msba.com.sg,3414
S0249,Staff with ID S0249,86708875,S0249@msba.com.sg,3806
S0250,Staff with ID S0250,92804691,S0250@msba.com.sg,1271
S0251,Staff with ID S0251,97030822,S0251@msba.com.sg,1212
S0252,Staff with ID S0252,95413260,S0252@msba.com.sg,1254
S0253,Staff with ID S0253,87577467,S0253@msba.com.sg,1174
S0254,Staff with ID S0254,95303981,S0254@msba.com.sg,1083
S0255,Staff with ID S0255,88136086,S0255@msba.com.sg,4491
S0256,Staff with ID S0256,86258257,S0256@msba.com.sg,2925
S0257,Staff with ID S0257,99785782,S0257@msba.com.sg,4526
S0258,Staff with ID S0258,99146151,S0258@msba.com.sg,4458
S0259,Staff with ID S0259,84651324,S0259@msba.com.sg,2094
S0260,Staff with ID S0260,98164070,S0260@msba.com.sg,1778
S0261,Staff with ID S0261,88917663,S0261@msba.com.sg,4296
S0262,Staff with ID S0262,99155888,S0262@msba.com.sg,3247
S0263,Staff with ID S0263,92268020,S0263@msba.com.sg,5059
S0264,Staff with ID S0264,99504000,S0264@msba.com.sg,5492
S0265,Staff with ID S0265,81551632,S0265@msba.com.sg,3933
S0266,Staff with ID S0266,87309395,S0266@msba.com.sg,5444
S0267,Staff with ID S0267,84930856,S0267@msba.com.sg,2616
S0268,Staff with ID S0268,91577882,S0268@msba.com.sg,5246
S0269,Staff with ID S0269,92312605,S0269@msba.com.sg,1795
S0270,Staff with ID S0270,87912508,S0270@msba.com.sg,4795
S0271,Staff with ID S0271,99624439,S0271@msba.com.sg,2783
S0272,Staff with ID S0272,82728700,S0272@msba.com.sg,4490
S0273,Staff with ID S0273,85772563,S0273@msba.com.sg,4520
S0274,Staff with ID S0274,92610132,S0274@msba.com.sg,3621
S0275,Staff with ID S0275,81680120,S0275@msba.com.sg,2580
S0276,Staff with ID S0276,99523546,S0276@msba.com.sg,1206
S0277,Staff with ID S0277,83998070,S0277@msba.com.sg,4850
S0278,Staff with ID S0278,84808393,S0278@msba.com.sg,2482
S0279,Staff with ID S0279,96875461,S0279@msba.com.sg,4551
S0280,Staff with ID S0280,83627369,S0280@msba.com.sg,2047
S0281,Staff with ID S0281,83944481,S0281@msba.com.sg,3655
S0282,Staff with ID S0282,89648005,S0282@msba.com.sg,4902
S0283,Staff with ID S0283,82097086,S0283@msba.com.sg,2700
S0284,Staff with ID S0284,82761840,S0284@msba.com.sg,4228
S0285,Staff with ID S0285,95572389,S0285@msba.com.sg,3184
S0286,Staff with ID S0286,87267251,S0286@msba.com.sg,3925
S0287,Staff with ID S0287,97954885,S0287@msba.com.sg,1835
S0288,Staff with ID S0288,86684904,S0288@msba.com.sg,4822
S0289,Staff with ID S0289,86706615,S0289@msba.com.sg,1370
S0290,Staff with ID S0290,82803899,S0290@msba.com.sg,1468
S0291,Staff with ID S0291,87518569,S0291@msba.com.sg,4940
S0292,Staff with ID S0292,95604187,S0292@msba.com.sg,2685
S0293,Staff with ID S0293,91438884,S0293@msba.com.sg,4457
S0294,Staff with ID S0294,93344930,S0294@msba.com.sg,2231
S0295,Staff with ID S0295,92465472,S0295@msba.com.sg,4291
S0296,Staff with ID S0296,89413540,S0296@msba.com.sg,4911
S0297,Staff with ID S0297,95918169,S0297@msba.com.sg,3947
S0298,Staff with ID S0298,89508592,S0298@msba.com.sg,1058
S0299,Staff with ID S0299,82979973,S0299@msba.com.sg,4129
S0300,Staff with ID S0300,89329440,S0300@msba.com.sg,4654
S0301,Staff with ID S0301,99554552,S0301@msba.com.sg,4251
S0302,Staff with ID S0302,86831149,S0302@msba.com.sg,2758
S0303,Staff with ID S0303,85092774,S0303@msba.com.sg,2364
S0304,Staff with ID S0304,92749421,S0304@msba.com.sg,5244
S0305,Staff with ID S0305,88124170,S0305@msba.com.sg,5119
S0306,Staff with ID S0306,96185902,S0306@msba.com.sg,5132
S0307,Staff with ID S0307,94060495,S0307@msba.com.sg,4793
S0308,Staff with ID S0308,83044887,S0308@msba.com.sg,3747
S0309,Staff with ID S0309,82617749,S0309@msba.com.sg,4938
S0310,Staff with ID S0310,93424930,S0310@msba.com.sg,4586
S0311,Staff with ID S0311,84908498,S0311@msba.com.sg,2075
S0312,Staff with ID S0312,97624902,S0312@msba.com.sg,4812
S0313,Staff with ID S0313,97355223,S0313@msba.com.sg,5046
S0314,Staff with ID S0314,86495125,S0314@msba.com.sg,4364
S0315,Staff with ID S0315,97604833,S0315@msba.com.sg,4696
S0316,Staff with ID S0316,85725337,S0316@msba.com.sg,4543
S0317,Staff with ID S0317,83658099,S0317@msba.com.sg,2337
S0318,Staff with ID S0318,88897043,S0318@msba.com.sg,2939
S0319,Staff with ID S0319,83647175,S0319@msba.com.sg,4579
S0320,Staff with ID S0320,83231352,S0320@msba.com.sg,3829
S0321,Staff with ID S0321,92487771,S0321@msba.com.sg,3412
S0322,Staff with ID S0322,83010214,S0322@msba.com.sg,2270
S0323,Staff with ID S0323,91868034,S0323@msba.com.sg,1744
S0324,Staff with ID S0324,99639071,S0324@msba.com.sg,2515
S0325,Staff with ID S0325,86572923,S0325@msba.com.sg,2255
S0326,Staff with ID S0326,94834033,S0326@msba.com.sg,3868
S0327,Staff with ID S0327,87210037,S0327@msba.com.sg,1622
S0328,Staff with ID S0328,99846698,S0328@msba.com.sg,4669
S0329,Staff with ID S0329,97104868,S0329@msba.com.sg,3178
S0330,Staff with ID S0330,81826812,S0330@msba.com.sg,1170
S0331,Staff with ID S0331,86597996,S0331@msba.com.sg,1238
S0332,Staff with ID S0332,96635094,S0332@msba.com.sg,3167
S0333,Staff with ID S0333,92706429,S0333@msba.com.sg,1791
S0334,Staff with ID S0334,97077513,S0334@msba.com.sg,4744
S0335,Staff with ID S0335,85397398,S0335@msba.com.sg,2910
S0336,Staff with ID S0336,91561082,S0336@msba.com.sg,5314
S0337,Staff with ID S0337,93894983,S0337@msba.com.sg,1724
S0338,Staff with ID S0338,96006859,S0338@msba.com.sg,5207
S0339,Staff with ID S0339,84726151,S0339@msba.com.sg,3438
S0340,Staff with ID S0340,87767836,S0340@msba.com.sg,3161
S0341,Staff with ID S0341,95998227,S0341@msba.com.sg,5342
S0342,Staff with ID S0342,85521208,S0342@msba.com.sg,3857
S0343,Staff with ID S0343,86069450,S0343@msba.com.sg,3523
S0344,Staff with ID S0344,99398923,S0344@msba.com.sg,3578
S0345,Staff with ID S0345,95548188,S0345@msba.com.sg,2770
S0346,Staff with ID S0346,92807944,S0346@msba.com.sg,4396
S0347,Staff with ID S0347,92638902,S0347@msba.com.sg,5010
S0348,Staff with ID S0348,81776191,S0348@msba.com.sg,3665
S0349,Staff with ID S0349,84835639,S0349@msba.com.sg,5452
S0350,Staff with ID S0350,81376033,S0350@msba.com.sg,1913
S0351,Staff with ID S0351,92442520,S0351@msba.com.sg,5028
S0352,Staff with ID S0352,97439623,S0352@msba.com.sg,3245
S0353,Staff with ID S0353,85938645,S0353@msba.com.sg,2093
S0354,Staff with ID S0354,95474894,S0354@msba.com.sg,4714
S0355,Staff with ID S0355,84065376,S0355@msba.com.sg,4886
S0356,Staff with ID S0356,91925834,S0356@msba.com.sg,3385
S0357,Staff with ID S0357,95061323,S0357@msba.com.sg,4405
S0358,Staff with ID S0358,99179071,S0358@msba.com.sg,5350
S0359,Staff with ID S0359,98116394,S0359@msba.com.sg,1695
S0360,Staff with ID S0360,93792467,S0360@msba.com.sg,2659
S0361,Staff with ID S0361,84170719,S0361@msba.com.sg,1419
S0362,Staff with ID S0362,95509771,S0362@msba.com.sg,5315
S0363,Staff with ID S0363,95471377,S0363@msba.com.sg,1300
S0364,Staff with ID S0364,99340925,S0364@msba.com.sg,3393
S0365,Staff with ID S0365,85608875,S0365@msba.com.sg,1847
S0366,Staff with ID S0366,94216255,S0366@msba.com.sg,3268
S0367,Staff with ID S0367,97172669,S0367@msba.com.sg,4513
S0368,Staff with ID S0368,81846421,S0368@msba.com.sg,2223
S0369,Staff with ID S0369,92494129,S0369@msba.com.sg,5214
S0370,Staff with ID S0370,82945148,S0370@msba.com.sg,1027
S0371,Staff with ID S0371,83655904,S0371@msba.com.sg,1394
S0372,Staff with ID S0372,83429416,S0372@msba.com.sg,4138
S0373,Staff with ID S0373,82206030,S0373@msba.com.sg,1955
S0374,Staff with ID S0374,93532369,S0374@msba.com.sg,2134
S0375,Staff with ID S0375,89474541,S0375@msba.com.sg,3867
S0376,Staff with ID S0376,93268321,S0376@msba.com.sg,1779
S0377,Staff with ID S0377,81432646,S0377@msba.com.sg,5288
S0378,Staff with ID S0378,89448766,S0378@msba.com.sg,3138
S0379,Staff with ID S0379,89412844,S0379@msba.com.sg,2375
S0380,Staff with ID S0380,96080239,S0380@msba.com.sg,5381
S0381,Staff with ID S0381,84028805,S0381@msba.com.sg,5320
S0382,Staff with ID S0382,98559245,S0382@msba.com.sg,4207
S0383,Staff with ID S0383,96049430,S0383@msba.com.sg,2184
S0384,Staff with ID S0384,92546981,S0384@msba.com.sg,3118
S0385,Staff with ID S0385,95483863,S0385@msba.com.sg,2789
S0386,Staff with ID S0386,98889862,S0386@msba.com.sg,1103
S0387,Staff with ID S0387,93268277,S0387@msba.com.sg,1554
S0388,Staff with ID S0388,99011316,S0388@msba.com.sg,2539
S0389,Staff with ID S0389,93675682,S0389@msba.com.sg,4160
S0390,Staff with ID S0390,85073225,S0390@msba.com.sg,1817
S0391,Staff with ID S0391,81393582,S0391@msba.com.sg,3410
S0392,Staff with ID S0392,85745859,S0392@msba.com.sg,4686
S0393,Staff with ID S0393,86749826,S0393@msba.com.sg,1337
S0394,Staff with ID S0394,95053069,S0394@msba.com.sg,5461
S0395,Staff with ID S0395,83656494,S0395@msba.com.sg,2827
S0396,Staff with ID S0396,97684222,S0396@msba.com.sg,4285
S0397,Staff with ID S0397,88473609,S0397@msba.com.sg,3094
S0398,Staff with ID S0398,84606825,S0398@msba.com.sg,2992
S0399,Staff with ID S0399,81494938,S0399@msba.com.sg,4497
S0400,Staff with ID S0400,97413591,S0400@msba.com.sg,2883
S0401,Staff with ID S0401,84744229,S0401@msba.com.sg,2369
S0402,Staff with ID S0402,93265351,S0402@msba.com.sg,3035
S0403,Staff with ID S0403,87069053,S0403@msba.com.sg,5287
S0404,Staff with ID S0404,91700466,S0404@msba.com.sg,4163
S0405,Staff with ID S0405,84531320,S0405@msba.com.sg,4455
S0406,Staff with ID S0406,99785228,S0406@msba.com.sg,2807
S0407,Staff with ID S0407,86009377,S0407@msba.com.sg,3687
S0408,Staff with ID S0408,85296092,S0408@msba.com.sg,3229
S0409,Staff with ID S0409,82817230,S0409@msba.com.sg,2424
S0410,Staff with ID S0410,85307940,S0410@msba.com.sg,4928
S0411,Staff with ID S0411,99254031,S0411@msba.com.sg,2403
S0412,Staff with ID S0412,95131053,S0412@msba.com.sg,3981
S0413,Staff with ID S0413,84782394,S0413@msba.com.sg,2987
S0414,Staff with ID S0414,96543565,S0414@msba.com.sg,5151
S0415,Staff with ID S0415,85328922,S0415@msba.com.sg,2465
S0416,Staff with ID S0416,94547692,S0416@msba.com.sg,4481
S0417,Staff with ID S0417,88583686,S0417@msba.com.sg,5180
S0418,Staff with ID S0418,93442477,S0418@msba.com.sg,1112
S0419,Staff with ID S0419,88274306,S0419@msba.com.sg,3551
S0420,Staff with ID S0420,84076782,S0420@msba.com.sg,1068
S0421,Staff with ID S0421,89923004,S0421@msba.com.sg,4224
S0422,Staff with ID S0422,97624722,S0422@msba.com.sg,5026
S0423,Staff with ID S0423,81361161,S0423@msba.com.sg,3973
S0424,Staff with ID S0424,84498293,S0424@msba.com.sg,4243
S0425,Staff with ID S0425,89864470,S0425@msba.com.sg,2511
S0426,Staff with ID S0426,85746619,S0426@msba.com.sg,2929
S0427,Staff with ID S0427,95189984,S0427@msba.com.sg,2633
S0428,Staff with ID S0428,81395579,S0428@msba.com.sg,2001
S0429,Staff with ID S0429,93479459,S0429@msba.com.sg,3107
S0430,Staff with ID S0430,99901141,S0430@msba.com.sg,3498
S0431,Staff with ID S0431,84047073,S0431@msba.com.sg,1359
S0432,Staff with ID S0432,83807208,S0432@msba.com.sg,5254
S0433,Staff with ID S0433,87215380,S0433@msba.com.sg,2683
S0434,Staff with ID S0434,98995153,S0434@msba.com.sg,4730
S0435,Staff with ID S0435,93045276,S0435@msba.com.sg,3545
S0436,Staff with ID S0436,88285480,S0436@msba.com.sg,5211
S0437,Staff with ID S0437,85106948,S0437@msba.com.sg,1277
S0438,Staff with ID S0438,92117027,S0438@msba.com.sg,4277
S0439,Staff with ID S0439,87654842,S0439@msba.com.sg,3325
S0440,Staff with ID S0440,93582854,S0440@msba.com.sg,1113
S0441,Staff with ID S0441,92032141,S0441@msba.com.sg,5257
S0442,Staff with ID S0442,93041264,S0442@msba.com.sg,2483
S0443,Staff with ID S0443,85512616,S0443@msba.com.sg,4572
S0444,Staff with ID S0444,88557261,S0444@msba.com.sg,4936
S0445,Staff with ID S0445,94839192,S0445@msba.com.sg,1587
S0446,Staff with ID S0446,88579167,S0446@msba.com.sg,2458
S0447,Staff with ID S0447,91943589,S0447@msba.com.sg,1162
S0448,Staff with ID S0448,97129998,S0448@msba.com.sg,3454
S0449,Staff with ID S0449,93646582,S0449@msba.com.sg,2371
S0450,Staff with ID S0450,94361449,S0450@msba.com.sg,3714
S0451,Staff with ID S0451,89292310,S0451@msba.com.sg,1204
S0452,Staff with ID S0452,89607272,S0452@msba.com.sg,2412
S0453,Staff with ID S0453,82138978,S0453@msba.com.sg,1018
S0454,Staff with ID S0454,98220300,S0454@msba.com.sg,1651
S0455,Staff with ID S0455,93218571,S0455@msba.com.sg,5096
S0456,Staff with ID S0456,96018469,S0456@msba.com.sg,2175
S0457,Staff with ID S0457,92360010,S0457@msba.com.sg,3940
S0458,Staff with ID S0458,88405046,S0458@msba.com.sg,1432
S0459,Staff with ID S0459,87702771,S0459@msba.com.sg,1597
S0460,Staff with ID S0460,96308097,S0460@msba.com.sg,1492
S0461,Staff with ID S0461,81797919,S0461@msba.com.sg,2459
S0462,Staff with ID S0462,98285232,S0462@msba.com.sg,4678
S0463,Staff with ID S0463,81916186,S0463@msba.com.sg,3378
S0464,Staff with ID S0464,85874758,S0464@msba.com.sg,4174
S0465,Staff with ID S0465,83275329,S0465@msba.com.sg,4338
S0466,Staff with ID S0466,84622018,S0466@msba.com.sg,3720
S0467,Staff with ID S0467,92042913,S0467@msba.com.sg,3831
S0468,Staff with ID S0468,97766407,S0468@msba.com.sg,5448
S0469,Staff with ID S0469,84974426,S0469@msba.com.sg,5372
S0470,Staff with ID S0470,99260699,S0470@msba.com.sg,2808
S0471,Staff with ID S0471,93629909,S0471@msba.com.sg,4776
S0472,Staff with ID S0472,83799784,S0472@msba.com.sg,4158
S0473,Staff with ID S0473,88718706,S0473@msba.com.sg,2150
S0474,Staff with ID S0474,89141316,S0474@msba.com.sg,4282
S0475,Staff with ID S0475,92659092,S0475@msba.com.sg,4036
S0476,Staff with ID S0476,95834046,S0476@msba.com.sg,2123
S0477,Staff with ID S0477,85157093,S0477@msba.com.sg,4321
S0478,Staff with ID S0478,83261711,S0478@msba.com.sg,2166
S0479,Staff with ID S0479,91926853,S0479@msba.com.sg,2238
S0480,Staff with ID S0480,84073509,S0480@msba.com.sg,4546
S0481,Staff with ID S0481,89523149,S0481@msba.com.sg,2006
S0482,Staff with ID S0482,84538249,S0482@msba.com.sg,4307
S0483,Staff with ID S0483,94881808,S0483@msba.com.sg,1158
S0484,Staff with ID S0484,81526969,S0484@msba.com.sg,2361
S0485,Staff with ID S0485,84228889,S0485@msba.com.sg,4517
S0486,Staff with ID S0486,89103655,S0486@msba.com.sg,2678
S0487,Staff with ID S0487,93247185,S0487@msba.com.sg,3603
S0488,Staff with ID S0488,92416052,S0488@msba.com.sg,3392
S0489,Staff with ID S0489,88677606,S0489@msba.com.sg,1647
S0490,Staff with ID S0490,81754351,S0490@msba.com.sg,1214
S0491,Staff with ID S0491,85935834,S0491@msba.com.sg,2858
S0492,Staff with ID S0492,98218510,S0492@msba.com.sg,5297
S0493,Staff with ID S0493,99121544,S0493@msba.com.sg,4621
S0494,Staff with ID S0494,85726175,S0494@msba.com.sg,2920
S0495,Staff with ID S0495,98643789,S0495@msba.com.sg,4966
S0496,Staff with ID S0496,96234404,S0496@msba.com.sg,4118
S0497,Staff with ID S0497,95615930,S0497@msba.com.sg,2212
S0498,Staff with ID S0498,94422301,S0498@msba.com.sg,3497
S0499,Staff with ID S0499,84541922,S0499@msba.com.sg,3557
S0500,Staff with ID S0500,88566934,S0500@msba.com.sg,1388
S0501,Staff with ID S0501,98314211,S0501@msba.com.sg,2254
S0502,Staff with ID S0502,93868227,S0502@msba.com.sg,3162
S0503,Staff with ID S0503,99272690,S0503@msba.com.sg,4819
S0504,Staff with ID S0504,95319898,S0504@msba.com.sg,1656
S0505,Staff with ID S0505,85969551,S0505@msba.com.sg,5349
S0506,Staff with ID S0506,94440242,S0506@msba.com.sg,4691
S0507,Staff with ID S0507,91885359,S0507@msba.com.sg,4541
S0508,Staff with ID S0508,96992498,S0508@msba.com.sg,1793
S0509,Staff with ID S0509,99379969,S0509@msba.com.sg,1166
S0510,Staff with ID S0510,82676745,S0510@msba.com.sg,1764
S0511,Staff with ID S0511,83950683,S0511@msba.com.sg,2757
S0512,Staff with ID S0512,89599668,S0512@msba.com.sg,2206
S0513,Staff with ID S0513,91746214,S0513@msba.com.sg,4288
S0514,Staff with ID S0514,83997776,S0514@msba.com.sg,2538
S0515,Staff with ID S0515,82595616,S0515@msba.com.sg,4924
S0516,Staff with ID S0516,87303603,S0516@msba.com.sg,2339
S0517,Staff with ID S0517,91964860,S0517@msba.com.sg,2997
S0518,Staff with ID S0518,93375146,S0518@msba.com.sg,3994
S0519,Staff with ID S0519,83190587,S0519@msba.com.sg,3580
S0520,Staff with ID S0520,99710501,S0520@msba.com.sg,3350
S0521,Staff with ID S0521,88211936,S0521@msba.com.sg,2423
S0522,Staff with ID S0522,86018547,S0522@msba.com.sg,4651
S0523,Staff with ID S0523,95212173,S0523@msba.com.sg,2884
S0524,Staff with ID S0524,87041966,S0524@msba.com.sg,3892
S0525,Staff with ID S0525,99229280,S0525@msba.com.sg,2253
S0526,Staff with ID S0526,86275709,S0526@msba.com.sg,5073
S0527,Staff with ID S0527,83881646,S0527@msba.com.sg,2493
S0528,Staff with ID S0528,99440227,S0528@msba.com.sg,2220
S0529,Staff with ID S0529,84602060,S0529@msba.com.sg,5429
S0530,Staff with ID S0530,92452727,S0530@msba.com.sg,4707
S0531,Staff with ID S0531,99145465,S0531@msba.com.sg,1499
S0532,Staff with ID S0532,88280919,S0532@msba.com.sg,5455
S0533,Staff with ID S0533,96173161,S0533@msba.com.sg,2360
S0534,Staff with ID S0534,93114563,S0534@msba.com.sg,2055
S0535,Staff with ID S0535,85616872,S0535@msba.com.sg,4096
S0536,Staff with ID S0536,99924919,S0536@msba.com.sg,1056
S0537,Staff with ID S0537,86846334,S0537@msba.com.sg,4897
S0538,Staff with ID S0538,97144047,S0538@msba.com.sg,1272
S0539,Staff with ID S0539,98154860,S0539@msba.com.sg,3888
S0540,Staff with ID S0540,83013058,S0540@msba.com.sg,2195
S0541,Staff with ID S0541,96209226,S0541@msba.com.sg,1747
S0542,Staff with ID S0542,98856432,S0542@msba.com.sg,3676
S0543,Staff with ID S0543,82759902,S0543@msba.com.sg,3860
S0544,Staff with ID S0544,88272806,S0544@msba.com.sg,3389
S0545,Staff with ID S0545,92002560,S0545@msba.com.sg,3170
S0546,Staff with ID S0546,92256016,S0546@msba.com.sg,2501
S0547,Staff with ID S0547,92480067,S0547@msba.com.sg,5274
S0548,Staff with ID S0548,91385835,S0548@msba.com.sg,1130
S0549,Staff with ID S0549,91196617,S0549@msba.com.sg,3526
S0550,Staff with ID S0550,93199437,S0550@msba.com.sg,4088
S0551,Staff with ID S0551,81648101,S0551@msba.com.sg,3513
S0552,Staff with ID S0552,84181850,S0552@msba.com.sg,2313
S0553,Staff with ID S0553,91204305,S0553@msba.com.sg,2802
S0554,Staff with ID S0554,82926456,S0554@msba.com.sg,3009
S0555,Staff with ID S0555,83621443,S0555@msba.com.sg,3051
S0556,Staff with ID S0556,86887290,S0556@msba.com.sg,5012
S0557,Staff with ID S0557,86037880,S0557@msba.com.sg,1210
S0558,Staff with ID S0558,89170223,S0558@msba.com.sg,3249
S0559,Staff with ID S0559,91402869,S0559@msba.com.sg,5400
S0560,Staff with ID S0560,99016510,S0560@msba.com.sg,1691
S0561,Staff with ID S0561,89684078,S0561@msba.com.sg,1888
S0562,Staff with ID S0562,82217241,S0562@msba.com.sg,4114
S0563,Staff with ID S0563,99951798,S0563@msba.com.sg,4111
S0564,Staff with ID S0564,86257197,S0564@msba.com.sg,1990
S0565,Staff with ID S0565,91643252,S0565@msba.com.sg,2779
S0566,Staff with ID S0566,86618211,S0566@msba.com.sg,1730
S0567,Staff with ID S0567,84891128,S0567@msba.com.sg,3574
S0568,Staff with ID S0568,82733341,S0568@msba.com.sg,3712
S0569,Staff with ID S0569,85619918,S0569@msba.com.sg,2284
S0570,Staff with ID S0570,99830545,S0570@msba.com.sg,4414
S0571,Staff with ID S0571,89099235,S0571@msba.com.sg,5434
S0572,Staff with ID S0572,93315790,S0572@msba.com.sg,4397
S0573,Staff with ID S0573,87032811,S0573@msba.com.sg,1528
S0574,Staff with ID S0574,83787550,S0574@msba.com.sg,2485
S0575,Staff with ID S0575,94268296,S0575@msba.com.sg,2088
S0576,Staff with ID S0576,93708224,S0576@msba.com.sg,2595
S0577,Staff with ID S0577,82324875,S0577@msba.com.sg,1030
S0578,Staff with ID S0578,86777878,S0578@msba.com.sg,3222
S0579,Staff with ID S0579,89216892,S0579@msba.com.sg,2367
S0580,Staff with ID S0580,87000517,S0580@msba.com.sg,3506
S0581,Staff with ID S0581,97670987,S0581@msba.com.sg,1076
S0582,Staff with ID S0582,87105190,S0582@msba.com.sg,4030
S0583,Staff with ID S0583,88291591,S0583@msba.com.sg,1281
S0584,Staff with ID S0584,84721485,S0584@msba.com.sg,5098
S0585,Staff with ID S0585,88733601,S0585@msba.com.sg,4373
S0586,Staff with ID S0586,89096238,S0586@msba.com.sg,2905
S0587,Staff with ID S0587,94696935,S0587@msba.com.sg,2283
S0588,Staff with ID S0588,96661450,S0588@msba.com.sg,3669
S0589,Staff with ID S0589,95454760,S0589@msba.com.sg,2819
S0590,Staff with ID S0590,86638680,S0590@msba.com.sg,5232
S0591,Staff with ID S0591,99014209,S0591@msba.com.sg,4614
S0592,Staff with ID S0592,99057706,S0592@msba.com.sg,3158
S0593,Staff with ID S0593,84482539,S0593@msba.com.sg,2617
S0594,Staff with ID S0594,98822964,S0594@msba.com.sg,3132
S0595,Staff with ID S0595,88204624,S0595@msba.com.sg,4785
S0596,Staff with ID S0596,86392401,S0596@msba.com.sg,5421
S0597,Staff with ID S0597,82884509,S0597@msba.com.sg,4498
S0598,Staff with ID S0598,86177020,S0598@msba.com.sg,1425
S0599,Staff with ID S0599,94264191,S0599@msba.com.sg,2302
S0600,Staff with ID S0600,82038036,S0600@msba.com.sg,2919
S0601,Staff with ID S0601,86613795,S0601@msba.com.sg,2466
S0602,Staff with ID S0602,97130309,S0602@msba.com.sg,2043
S0603,Staff with ID S0603,96607646,S0603@msba.com.sg,2966
S0604,Staff with ID S0604,87849123,S0604@msba.com.sg,1565
S0605,Staff with ID S0605,94575956,S0605@msba.com.sg,1345
S0606,Staff with ID S0606,84937929,S0606@msba.com.sg,1593
S0607,Staff with ID S0607,82815638,S0607@msba.com.sg,4247
S0608,Staff with ID S0608,93386641,S0608@msba.com.sg,2660
S0609,Staff with ID S0609,92451110,S0609@msba.com.sg,2008
S0610,Staff with ID S0610,83508925,S0610@msba.com.sg,5326
S0611,Staff with ID S0611,96624029,S0611@msba.com.sg,2639
S0612,Staff with ID S0612,94015003,S0612@msba.com.sg,4706
S0613,Staff with ID S0613,82992622,S0613@msba.com.sg,1346
S0614,Staff with ID S0614,97434126,S0614@msba.com.sg,2025
S0615,Staff with ID S0615,83285822,S0615@msba.com.sg,5497
S0616,Staff with ID S0616,96700151,S0616@msba.com.sg,2471
S0617,Staff with ID S0617,81935847,S0617@msba.com.sg,2288
S0618,Staff with ID S0618,85991990,S0618@msba.com.sg,1122
S0619,Staff with ID S0619,85320265,S0619@msba.com.sg,3043
S0620,Staff with ID S0620,93123562,S0620@msba.com.sg,1264
S0621,Staff with ID S0621,99502322,S0621@msba.com.sg,1290
S0622,Staff with ID S0622,86470701,S0622@msba.com.sg,1216
S0623,Staff with ID S0623,89744432,S0623@msba.com.sg,2531
S0624,Staff with ID S0624,81752074,S0624@msba.com.sg,2543
S0625,Staff with ID S0625,87146326,S0625@msba.com.sg,1042
S0626,Staff with ID S0626,81185802,S0626@msba.com.sg,1131
S0627,Staff with ID S0627,87559367,S0627@msba.com.sg,2548
S0628,Staff with ID S0628,86715564,S0628@msba.com.sg,1511
S0629,Staff with ID S0629,85330354,S0629@msba.com.sg,2717
S0630,Staff with ID S0630,84460262,S0630@msba.com.sg,3812
S0631,Staff with ID S0631,88652924,S0631@msba.com.sg,5474
S0632,Staff with ID S0632,87460457,S0632@msba.com.sg,4534
S0633,Staff with ID S0633,99443096,S0633@msba.com.sg,2463
S0634,Staff with ID S0634,87837247,S0634@msba.com.sg,2674
S0635,Staff with ID S0635,92381178,S0635@msba.com.sg,1332
S0636,Staff with ID S0636,93652213,S0636@msba.com.sg,5475
S0637,Staff with ID S0637,87465428,S0637@msba.com.sg,2570
S0638,Staff with ID S0638,95460118,S0638@msba.com.sg,2762
S0639,Staff with ID S0639,93317557,S0639@msba.com.sg,4721
S0640,Staff with ID S0640,87222166,S0640@msba.com.sg,4090
S0641,Staff with ID S0641,94362882,S0641@msba.com.sg,3769
S0642,Staff with ID S0642,99721171,S0642@msba.com.sg,3075
S0643,Staff with ID S0643,88109027,S0643@msba.com.sg,3330
S0644,Staff with ID S0644,89481888,S0644@msba.com.sg,3306
S0645,Staff with ID S0645,82563934,S0645@msba.com.sg,2044
S0646,Staff with ID S0646,92764516,S0646@msba.com.sg,2725
S0647,Staff with ID S0647,88260637,S0647@msba.com.sg,3764
S0648,Staff with ID S0648,81925352,S0648@msba.com.sg,3658
S0649,Staff with ID S0649,82506479,S0649@msba.com.sg,5299
S0650,Staff with ID S0650,82384527,S0650@msba.com.sg,3111
S0651,Staff with ID S0651,81868544,S0651@msba.com.sg,3693
S0652,Staff with ID S0652,84795438,S0652@msba.com.sg,4835
S0653,Staff with ID S0653,91968239,S0653@msba.com.sg,2658
S0654,Staff with ID S0654,88333757,S0654@msba.com.sg,4269
S0655,Staff with ID S0655,82124109,S0655@msba.com.sg,3960
S0656,Staff with ID S0656,95919344,S0656@msba.com.sg,3128
S0657,Staff with ID S0657,81628704,S0657@msba.com.sg,3263
S0658,Staff with ID S0658,93443955,S0658@msba.com.sg,5044
S0659,Staff with ID S0659,89203795,S0659@msba.com.sg,1314
S0660,Staff with ID S0660,94764958,S0660@msba.com.sg,2564
S0661,Staff with ID S0661,93189225,S0661@msba.com.sg,2624
S0662,Staff with ID S0662,96549663,S0662@msba.com.sg,2400
S0663,Staff with ID S0663,86819850,S0663@msba.com.sg,3207
S0664,Staff with ID S0664,89584591,S0664@msba.com.sg,3921
S0665,Staff with ID S0665,81601386,S0665@msba.com.sg,3757
S0666,Staff with ID S0666,94780750,S0666@msba.com.sg,4150
S0667,Staff with ID S0667,87773325,S0667@msba.com.sg,1311
S0668,Staff with ID S0668,94125772,S0668@msba.com.sg,4872
S0669,Staff with ID S0669,86313829,S0669@msba.com.sg,4219
S0670,Staff with ID S0670,82242685,S0670@msba.com.sg,4494
S0671,Staff with ID S0671,96718012,S0671@msba.com.sg,5118
S0672,Staff with ID S0672,87294684,S0672@msba.com.sg,2724
S0673,Staff with ID S0673,86758358,S0673@msba.com.sg,4279
S0674,Staff with ID S0674,98152082,S0674@msba.com.sg,4392
S0675,Staff with ID S0675,96785251,S0675@msba.com.sg,2395
S0676,Staff with ID S0676,86325511,S0676@msba.com.sg,3956
S0677,Staff with ID S0677,86776725,S0677@msba.com.sg,4884
S0678,Staff with ID S0678,88553511,S0678@msba.com.sg,1621
S0679,Staff with ID S0679,85124590,S0679@msba.com.sg,3635
S0680,Staff with ID S0680,81276951,S0680@msba.com.sg,4577
S0681,Staff with ID S0681,84096277,S0681@msba.com.sg,3262
S0682,Staff with ID S0682,98656932,S0682@msba.com.sg,2895
S0683,Staff with ID S0683,88303152,S0683@msba.com.sg,1173
S0684,Staff with ID S0684,84768212,S0684@msba.com.sg,1365
S0685,Staff with ID S0685,92239728,S0685@msba.com.sg,1495
S0686,Staff with ID S0686,81627014,S0686@msba.com.sg,4637
S0687,Staff with ID S0687,89317218,S0687@msba.com.sg,3242
S0688,Staff with ID S0688,91281969,S0688@msba.com.sg,3211
S0689,Staff with ID S0689,88236982,S0689@msba.com.sg,5438
S0690,Staff with ID S0690,91850571,S0690@msba.com.sg,4120
S0691,Staff with ID S0691,98227570,S0691@msba.com.sg,4809
S0692,Staff with ID S0692,81536341,S0692@msba.com.sg,3399
S0693,Staff with ID S0693,85139383,S0693@msba.com.sg,4909
S0694,Staff with ID S0694,97931291,S0694@msba.com.sg,3985
S0695,Staff with ID S0695,81453710,S0695@msba.com.sg,3877
S0696,Staff with ID S0696,86748245,S0696@msba.com.sg,4723
S0697,Staff with ID S0697,96115867,S0697@msba.com.sg,3188
S0698,Staff with ID S0698,88212603,S0698@msba.com.sg,4838
S0699,Staff with ID S0699,89625655,S0699@msba.com.sg,5085
S0700,Staff with ID S0700,95064517,S0700@msba.com.sg,3027
S0701,Staff with ID S0701,92945967,S0701@msba.com.sg,2706
S0702,Staff with ID S0702,97042877,S0702@msba.com.sg,4353
S0703,Staff with ID S0703,83151058,S0703@msba.com.sg,1588
S0704,Staff with ID S0704,97760563,S0704@msba.com.sg,1552
S0705,Staff with ID S0705,84651064,S0705@msba.com.sg,2144
S0706,Staff with ID S0706,82348884,S0706@msba.com.sg,2173
S0707,Staff with ID S0707,87313715,S0707@msba.com.sg,4806
S0708,Staff with ID S0708,95085356,S0708@msba.com.sg,5466
S0709,Staff with ID S0709,86629267,S0709@msba.com.sg,2086
S0710,Staff with ID S0710,81885423,S0710@msba.com.sg,4854
S0711,Staff with ID S0711,98587171,S0711@msba.com.sg,2138
S0712,Staff with ID S0712,91507688,S0712@msba.com.sg,5491
S0713,Staff with ID S0713,97938277,S0713@msba.com.sg,2290
S0714,Staff with ID S0714,87606764,S0714@msba.com.sg,2128
S0715,Staff with ID S0715,83468589,S0715@msba.com.sg,2492
S0716,Staff with ID S0716,86129028,S0716@msba.com.sg,4704
S0717,Staff with ID S0717,89224160,S0717@msba.com.sg,5014
S0718,Staff with ID S0718,95600921,S0718@msba.com.sg,4060
S0719,Staff with ID S0719,86295398,S0719@msba.com.sg,1165
S0720,Staff with ID S0720,82939557,S0720@msba.com.sg,5278
S0721,Staff with ID S0721,99569587,S0721@msba.com.sg,1032
S0722,Staff with ID S0722,92588161,S0722@msba.com.sg,4514
S0723,Staff with ID S0723,84881588,S0723@msba.com.sg,4200
S0724,Staff with ID S0724,87088633,S0724@msba.com.sg,1607
S0725,Staff with ID S0725,89497696,S0725@msba.com.sg,1669
S0726,Staff with ID S0726,95454549,S0726@msba.com.sg,2311
S0727,Staff with ID S0727,88144656,S0727@msba.com.sg,1279
S0728,Staff with ID S0728,85430056,S0728@msba.com.sg,3273
S0729,Staff with ID S0729,82342414,S0729@msba.com.sg,4873
S0730,Staff with ID S0730,96883436,S0730@msba.com.sg,1941
S0731,Staff with ID S0731,82180363,S0731@msba.com.sg,5388
S0732,Staff with ID S0732,91797395,S0732@msba.com.sg,3731
S0733,Staff with ID S0733,98569157,S0733@msba.com.sg,4953
S0734,Staff with ID S0734,84562241,S0734@msba.com.sg,2100
S0735,Staff with ID S0735,93159696,S0735@msba.com.sg,3244
S0736,Staff with ID S0736,91132782,S0736@msba.com.sg,4186
S0737,Staff with ID S0737,93878103,S0737@msba.com.sg,3117
S0738,Staff with ID S0738,87275431,S0738@msba.com.sg,3642
S0739,Staff with ID S0739,82046368,S0739@msba.com.sg,2520
S0740,Staff with ID S0740,93382483,S0740@msba.com.sg,2971
S0741,Staff with ID S0741,92491733,S0741@msba.com.sg,3699
S0742,Staff with ID S0742,94243498,S0742@msba.com.sg,4297
S0743,Staff with ID S0743,85727592,S0743@msba.com.sg,4294
S0744,Staff with ID S0744,95209621,S0744@msba.com.sg,5304
S0745,Staff with ID S0745,92965547,S0745@msba.com.sg,2306
S0746,Staff with ID S0746,85554198,S0746@msba.com.sg,2168
S0747,Staff with ID S0747,88336447,S0747@msba.com.sg,1157
S0748,Staff with ID S0748,83921216,S0748@msba.com.sg,5192
S0749,Staff with ID S0749,95149926,S0749@msba.com.sg,4359
S0750,Staff with ID S0750,94557267,S0750@msba.com.sg,1706
S0751,Staff with ID S0751,85074365,S0751@msba.com.sg,2376
S0752,Staff with ID S0752,91167195,S0752@msba.com.sg,1566
S0753,Staff with ID S0753,94597556,S0753@msba.com.sg,3728
S0754,Staff with ID S0754,84642150,S0754@msba.com.sg,5185
S0755,Staff with ID S0755,98900501,S0755@msba.com.sg,2065
S0756,Staff with ID S0756,97555432,S0756@msba.com.sg,5045
S0757,Staff with ID S0757,86320692,S0757@msba.com.sg,2347
S0758,Staff with ID S0758,94512150,S0758@msba.com.sg,4565
S0759,Staff with ID S0759,99752295,S0759@msba.com.sg,4184
S0760,Staff with ID S0760,99457484,S0760@msba.com.sg,2688
S0761,Staff with ID S0761,82474930,S0761@msba.com.sg,1479
S0762,Staff with ID S0762,86899292,S0762@msba.com.sg,3336
S0763,Staff with ID S0763,85213033,S0763@msba.com.sg,4227
S0764,Staff with ID S0764,99620012,S0764@msba.com.sg,4974
S0765,Staff with ID S0765,96202553,S0765@msba.com.sg,3775
S0766,Staff with ID S0766,89164391,S0766@msba.com.sg,1295
S0767,Staff with ID S0767,86264622,S0767@msba.com.sg,2792
S0768,Staff with ID S0768,88063884,S0768@msba.com.sg,4311
S0769,Staff with ID S0769,81682422,S0769@msba.com.sg,3125
S0770,Staff with ID S0770,89361497,S0770@msba.com.sg,3678
S0771,Staff with ID S0771,88997388,S0771@msba.com.sg,2951
S0772,Staff with ID S0772,84592804,S0772@msba.com.sg,4731
S0773,Staff with ID S0773,92097223,S0773@msba.com.sg,2217
S0774,Staff with ID S0774,82929795,S0774@msba.com.sg,3529
S0775,Staff with ID S0775,96307949,S0775@msba.com.sg,3382
S0776,Staff with ID S0776,96550492,S0776@msba.com.sg,1974
S0777,Staff with ID S0777,94054973,S0777@msba.com.sg,5367
S0778,Staff with ID S0778,86183802,S0778@msba.com.sg,3880
S0779,Staff with ID S0779,82254680,S0779@msba.com.sg,1372
S0780,Staff with ID S0780,93490425,S0780@msba.com.sg,3135
S0781,Staff with ID S0781,99833874,S0781@msba.com.sg,1922
S0782,Staff with ID S0782,91475460,S0782@msba.com.sg,1671
S0783,Staff with ID S0783,95954259,S0783@msba.com.sg,4010
S0784,Staff with ID S0784,82847847,S0784@msba.com.sg,2237
S0785,Staff with ID S0785,93380840,S0785@msba.com.sg,2431
S0786,Staff with ID S0786,89295180,S0786@msba.com.sg,1666
S0787,Staff with ID S0787,88769768,S0787@msba.com.sg,5129
S0788,Staff with ID S0788,87068184,S0788@msba.com.sg,1286
S0789,Staff with ID S0789,87336187,S0789@msba.com.sg,1978
S0790,Staff with ID S0790,98669971,S0790@msba.com.sg,5105
S0791,Staff with ID S0791,88341885,S0791@msba.com.sg,3589
S0792,Staff with ID S0792,92915721,S0792@msba.com.sg,1415
S0793,Staff with ID S0793,94600323,S0793@msba.com.sg,2836
S0794,Staff with ID S0794,96586202,S0794@msba.com.sg,1759
S0795,Staff with ID S0795,86201055,S0795@msba.com.sg,3072
S0796,Staff with ID S0796,89709201,S0796@msba.com.sg,5279
S0797,Staff with ID S0797,85009311,S0797@msba.com.sg,3825
S0798,Staff with ID S0798,86162418,S0798@msba.com.sg,2809
S0799,Staff with ID S0799,95683450,S0799@msba.com.sg,2838
S0800,Staff with ID S0800,97930880,S0800@msba.com.sg,4310
